season,neutral,elo1_pre,elo2_pre,elo_prob1,elo_prob2,qbelo1_pre,qbelo2_pre,qb1_value_pre,qb2_value_pre,qbelo_prob1,qbelo_prob2,qb1_game_value,qb2_game_value,status
2019,0,1588.8979314484302,1455.1313699353302,0.7584485193045968,0.2415514806954032,1560.45369029,1519.1959068,174.95826892169998,191.50216646682,0.64018164190049,0.35981835809951,-36.62708336166,74.72930727437999,loser
2019,0,1455.2490727518698,1602.07742712331,0.3843696760480505,0.6156303239519496,1483.65036114,1607.64637546,171.83710458023998,221.81181064877998,0.41564481890163,0.58435518109837,88.35474029019001,433.18748048763,loser
2019,0,1519.37877240763,1598.0156662167099,0.4803850039945628,0.5196149960054373,1513.58846646,1590.22702089,177.31618401155998,154.32404567943001,0.475029617040791,0.5249703829592091,49.375757289540005,64.16422839651,loser
2019,0,1538.42395425995,1520.31582461035,0.6173720777976055,0.3826279222023945,1539.6925517000002,1522.49852923,175.32515266035,230.53827939219,0.5928448333876171,0.407155166612383,127.86158094567,210.62268581706002,winner
2019,0,1415.1787618705896,1570.53924891259,0.3728155749111197,0.6271844250888803,1375.95596601,1536.47249803,160.81186355025,122.90448728976,0.387249691884048,0.612750308115952,21.07686282999,422.47978220778,loser
2019,0,1581.51355925233,1441.02179176339,0.7654698543324963,0.2345301456675037,1583.23304804,1423.636541,183.50919280716,139.2241339764,0.774389549700803,0.225610450299197,355.5442720071,364.28900623137,winner
2019,0,1455.8864013780499,1518.90720352913,0.5028482638546541,0.4971517361453459,1508.71831839,1502.78808137,172.00309333647,129.5163322233,0.601345066440458,0.3986549335595421,-11.008486035029998,197.93253113403,loser
2019,0,1384.9664423594104,1448.4236815067902,0.5022201967461954,0.4977798032538046,1451.59103106,1462.67407273,115.48441421451,151.00717007078995,0.546113784234279,0.453886215765721,112.06274153547,182.00507213987999,loser
2019,0,1565.41164859357,1428.5335151432998,0.7617148036094071,0.2382851963905929,1543.85670887,1414.9584852,177.20464685318996,123.09229599084,0.7538397022753249,0.246160297724675,111.43732831407,295.65058110918,winner
2019,0,1585.75191800581,1561.0745652996698,0.6262644674526644,0.3737355325473356,1582.6904467,1506.97499853,167.62204809537,108.20605277163,0.7188047422770931,0.281195257722907,244.62140254497,218.17424115827998,winner
2019,0,1444.77266859125,1422.63182461207,0.622840671248458,0.3771593287515421,1443.86845344,1478.88925548,170.58036357383997,141.95677213575001,0.545569286351451,0.454430713648549,-75.78212156526,68.89315865652,loser
2019,0,1546.63760540507,1442.7255357616,0.7255848739644275,0.2744151260355725,1542.74175158,1424.9675833,181.38183186585,135.95389421196,0.7429302987116179,0.257069701288382,503.57367942882,262.38319656251997,winner
2019,0,1383.74042223536,1490.51940926969,0.4401633388787813,0.5598366611212187,1383.75510633,1463.42003565,112.90158,141.23856869066998,0.489629651407836,0.510370348592164,75.82058549736,328.50198406311,tie
2019,0,1640.8564881095801,1572.19321967273,0.6833970641922035,0.3166029358077965,1635.07731396,1557.3313847000004,215.65951980507,250.02469046477998,0.676629407595253,0.323370592404747,348.13987120704,116.71156967382,winner
2019,0,1610.9366031700501,1515.3885309722698,0.7158948727512396,0.2841051272487604,1596.19850233,1526.88088289,224.38122753617995,191.75953761821998,0.675670166156079,0.324329833843921,319.0173400062,225.13956202518003,winner
2019,0,1405.4406177886099,1449.16419458668,0.5305810160650128,0.4694189839349872,1416.51391312,1459.85271934,137.09006674538998,146.88498461570998,0.5139418521582921,0.4860581478417079,294.57440500586995,151.0267941039,winner
2019,0,1506.1417229805402,1409.6477113929502,0.7170010787278287,0.2829989212721713,1500.52099662284,1413.8871489440899,164.522141339358,145.94411505993,0.702107007310583,0.297892992689417,55.184791739319,111.08230799230948,loser
2019,0,1433.33531739672,1561.64531234901,0.4098848002257198,0.5901151997742802,1416.26919381389,1556.70976057135,161.73062120189698,213.60101662214691,0.377841001056838,0.622158998943162,226.460327750019,428.48334942236994,loser
2019,0,1488.69448229988,1599.7273602922198,0.43413830208607945,0.5658616979139206,1463.10375582292,1592.8789915703,159.964910227914,175.32198354033,0.4091456366065089,0.590854363393491,196.011820115991,139.31584723811702,winner
2019,0,1509.57066983197,1435.1777713469598,0.6904897727363537,0.3095102272636463,1520.14500043432,1461.72834082481,195.09754005891602,32.64624,0.8040204442401659,0.195979555759834,24.074397478873497,189.182764021515,winner
2019,0,1551.69443581324,1568.43733721152,0.569004376445462,0.430995623554538,1536.34583409146,1546.99212376182,236.693378385684,170.62791499927798,0.5845381849800311,0.415461815019969,28.714343069346032,322.4491686623129,loser
2019,0,1598.55771020712,1385.56534920517,0.8320536957330441,0.1679463042669559,1565.7116129954902,1384.07138615708,152.86201678156198,109.19348054973601,0.805901795378283,0.194098204621717,402.7931758755796,184.65931070411548,winner
2019,0,1489.8072705220402,1559.31605609263,0.4935117002032231,0.5064882997967771,1547.0893099924695,1562.0989197160502,179.824880547576,170.57879548888198,0.5572255473562221,0.442774452643778,200.057842541832,17.970561822047998,winner
2019,0,1387.1603005760599,1661.35527196907,0.23072481027334826,0.7692751897266518,1346.71685104451,1656.0628645685401,146.83836347822398,228.90755494526692,0.186361076599538,0.813638923400462,-186.157717794246,256.122084113016,loser
2019,0,1425.50782652535,1457.7567818103698,0.5469934314024829,0.4530065685975171,1411.82307030818,1508.87055997591,140.34812450267398,134.65041078782698,0.46643944126743,0.53356055873257,135.873275528628,277.10175291399145,loser
2019,0,1427.71782881766,1455.3908175131799,0.5535121585662888,0.4464878414337112,1410.99957430865,1470.35703912634,148.596824447016,154.106960277699,0.482772294867889,0.517227705132111,79.36589547432148,195.55128647300398,loser
2019,0,1553.47379093182,1547.09912301326,0.6012954191334732,0.3987045808665268,1545.4738607244,1496.7864536597,136.35795211437298,119.20287161029499,0.6761570198717671,0.32384298012823304,101.3466234333465,125.1382292823465,loser
2019,0,1425.87140811396,1622.1487285282199,0.3195820914825713,0.6804179085174287,1437.77982169857,1629.56839577519,152.83850057143798,242.94937763266498,0.30607027688202804,0.693929723117972,31.10329429130553,418.66174541432997,loser
2019,0,1428.73340426133,1554.22203086172,0.4138188570475631,0.5861811429524371,1438.5868107614301,1532.56028709753,147.299165564529,153.79973369336398,0.4596131562442629,0.5403868437557371,227.709132926286,93.6919757712015,loser
2019,0,1611.2527156438,1616.75446431035,0.5847975451665666,0.41520245483343343,1603.29449072716,1602.9343847856799,145.308063951138,233.84483878318198,0.5563217701677919,0.443678229832208,201.96887493954603,-12.856739559312,winner
2019,0,1499.42372277767,1589.200033619,0.4644043413788875,0.5355956586211125,1500.0921612139498,1590.6003952261099,228.546720034677,200.71270072715402,0.450447630817852,0.549552369182148,151.3408469354265,48.1747929140115,winner
2019,0,1377.99930635302,1421.3198139753601,0.5311588680791258,0.4688411319208742,1443.90806466366,1466.0325390356,78.84259024653002,153.70193539931998,0.500308626458233,0.499691373541767,-38.707804407046495,83.441109548511,loser
2019,0,1431.1427115556198,1539.81897663855,0.4374738246674823,0.5625261753325177,1459.2839507148801,1529.70025853092,48.2998924021515,132.8568192462703,0.331979879081348,0.6680201209186519,272.62760883385397,-2.2430313794449965,winner
2019,0,1485.88701536035,1389.76159956327,0.7165703433881626,0.2834296566118374,1496.36290748459,1382.11029079329,158.2513928972295,139.90063960526942,0.7370735197830892,0.262926480216911,185.00295628391675,122.22389171623058,winner
2019,0,1677.30113090138,1345.33491936636,0.9076372640184992,0.09236273598150092,1668.69704296884,1413.44107796579,231.6290078620419,23.12442,0.9128275721036312,0.0871724278963693,261.06534508671047,-99.66354088890868,winner
2019,0,1580.75267121279,1371.21444164375,0.8292567833682122,0.17074321663178782,1574.1436689618695,1334.08267264421,235.08924990216926,51.45360845328,0.9107991196755372,0.0892008803244635,195.4322709229901,-9.956397621856947,winner
2019,0,1541.1286778626502,1408.11137665204,0.7576574620065255,0.2423425379934745,1546.51492926357,1420.8499824314802,155.3179721221986,140.66497994342475,0.7372400451880211,0.2627599548119789,173.6249491592385,181.4412414303654,winner
2019,0,1639.90875999014,1604.36062171603,0.6407916104033325,0.35920838959666745,1646.49823504228,1572.5022265331604,260.52061441083146,177.85513269096367,0.6906946025536249,0.30930539744637503,416.95263618453384,176.36442059236538,winner
2019,0,1560.7539373065301,1516.86025143112,0.6517731517758779,0.3482268482241221,1512.5600558531796,1518.06377214854,119.79640737750016,220.8261327247519,0.538457042351969,0.4615429576480311,318.64234428393576,368.825583277305,winner
2019,0,1507.9946487520199,1419.88418247957,0.7071070102530641,0.2928929897469359,1562.67330044495,1428.6155506923901,181.84817674700162,155.3401623007047,0.743268443257963,0.25673155674203696,189.9536679982663,-21.571675253429397,winner
2019,0,1571.7635049655496,1504.71879316841,0.6813777159089712,0.3186222840910288,1572.62878429152,1479.97530673918,185.45890994583974,163.56960121672168,0.6986838795693261,0.301316120430674,192.37634589183614,132.52009560428033,loser
2019,0,1379.7624376962601,1476.02669457636,0.4551281678954752,0.5448718321045247,1377.28077261941,1471.21207693023,116.74006356517393,29.651612062281,0.652640409319558,0.34735959068044203,47.08448360831886,284.27980809742536,loser
2019,0,1439.76273979713,1397.2216309704902,0.6500039077038455,0.3499960922961545,1443.1960686367001,1384.9937059504,142.45793435316799,110.63447999999998,0.685659657878645,0.314340342121355,199.93001316497882,321.67184316797795,loser
2019,0,1581.2200301596201,1592.94754840432,0.5760700542310849,0.4239299457689151,1560.19160263063,1577.26529561476,185.8100403655815,118.09590360843,0.6962168027693659,0.303783197230634,542.9567222081937,237.1249169315037,loser
2019,0,1493.50300877245,1538.91174286514,0.5281642537223823,0.4718357462776177,1538.5833394908,1523.14635522265,148.89554500044343,78.89508000000002,0.7867940275512271,0.213205972448773,121.49300124482237,80.2059027678216,winner
2019,0,1583.70304942369,1513.60572962331,0.6851804650994758,0.31481953490052417,1576.00744065404,1522.58939054425,171.72136991010868,177.99522580091175,0.659790401864874,0.340209598135126,192.55991683606428,363.7175201258181,loser
2019,0,1453.98420096202,1635.05963154983,0.3389036173323537,0.6610963826676463,1496.49952573347,1628.96357989808,146.6758528142391,150.9741450499788,0.390259515261405,0.609740484738595,9.8623884342786,139.08387682893064,loser
2019,0,1414.22795853294,1563.0712526434802,0.3816287334631154,0.6183712665368846,1398.8352854233701,1542.53154716657,168.20359185670918,147.78895790114774,0.412243318411504,0.5877566815884959,129.8299672955967,199.4554729668765,loser
2019,0,1521.6037491009101,1551.6654090382199,0.5501115103543194,0.4498884896456806,1574.44432713439,1551.87915853491,182.658725872128,186.15065354043938,0.6076141281976121,0.3923858718023879,363.1303818396903,236.2131995248671,loser
2019,0,1543.96594000943,1502.45309073862,0.6486561180316924,0.3513438819683076,1551.5436598913,1511.65951745322,196.56745523340214,55.114431665795365,0.78107459342247,0.21892540657753,35.78655044352795,103.36821200988614,loser
2019,0,1494.38768499845,1681.73479150744,0.33086252864591703,0.669137471354083,1504.1891608365695,1672.86384502737,160.92654923589816,234.5726415845086,0.34706025545262703,0.6529397445473729,-36.304072828838095,6.848988146044109,loser
2019,0,1406.6957136521899,1393.39712158012,0.6108111026305229,0.3891888973694772,1395.12274753107,1376.1122466696302,131.73821631679797,164.36622940059792,0.561361239233018,0.4386387607669821,173.9389903341575,-71.46019647764514,winner
2019,0,1592.05091995311,1440.59597920863,0.7766092416318191,0.2233907583681809,1562.0793929756396,1480.82150120391,177.70606148110397,132.99450637624304,0.723097910790517,0.27690208920948306,223.83597400310916,214.90129539093303,loser
2019,0,1361.3228559897198,1553.3428390375698,0.3249345660138653,0.6750654339861346,1329.17124290729,1547.05317130699,45.312607845766465,173.80522460270439,0.212247971258038,0.787752028741962,-0.6720648648492735,289.5769483924657,loser
2019,0,1569.95348444793,1394.57354231565,0.7995906971312478,0.20040930286875225,1525.20287173608,1406.0556132742804,139.6810010681438,144.74260609211896,0.730367740444927,0.26963225955507303,191.6399927169017,181.3905951290641,loser
2019,0,1507.66070428972,1509.52681443155,0.5898699741381169,0.4101300258618831,1505.42095626564,1492.3808303955802,235.62607778000702,119.34683418369889,0.623013026997639,0.37698697300236106,211.11251940778632,305.6465180853638,loser
2019,0,1524.81688909574,1652.21846175305,0.4111502526180228,0.5888497473819772,1500.7249324957902,1656.9210685998,160.4646506554776,276.16381658820166,0.326272891246357,0.6737271087536428,243.74249057837216,284.03381961286925,loser
2019,0,1648.44785330322,1430.28865711543,0.8361690031716856,0.16383099682831434,1644.64160442764,1433.06702705603,149.7851182278739,148.20514223434918,0.8291120799448142,0.170887920055186,262.9845420252042,366.72556002819,loser
2019,0,1353.3360415339998,1558.2440611812601,0.3088768655867408,0.6911231344132592,1336.83333209642,1531.19733639754,109.77450556948854,221.52470854984279,0.29071070642278496,0.7092892935772149,127.55496210055368,141.00210870817898,loser
2019,0,1406.27508213068,1461.4348737626199,0.51415741289543,0.48584258710456996,1416.84452400295,1496.60337885022,137.6489785452913,70.73266404532184,0.5980053338260539,0.401994666173946,259.19541120515225,80.43227561397798,loser
2019,0,1583.9020895963001,1554.66651219904,0.6323853250790231,0.3676146749209769,1565.25458592031,1561.30929842077,152.9556094077208,157.1486698259026,0.590838700924309,0.40916129907569104,27.46547037447216,94.26475994644169,winner
2019,0,1615.92351738268,1590.6442568668201,0.6270750876971939,0.3729249123028061,1606.2595618478501,1579.05509869879,129.99880494073736,231.1235520042514,0.465296162832037,0.534703837167963,10.967713274861012,140.23517711340884,winner
2019,0,1523.85799156991,1381.2609299251699,0.7676385317725818,0.2323614682274182,1516.92495890056,1374.28403744131,79.02616227678216,138.13296481636542,0.581463385450577,0.41853661454942304,279.6690994853458,-162.14535780179384,winner
2019,0,1575.03182989028,1595.23137298171,0.5641180677759954,0.4358819322240046,1546.8968663021399,1592.11534885587,213.47244856567642,161.10506060760704,0.546873272033645,0.453126727966355,388.2855730424055,242.58350501115086,winner
2019,0,1542.41866935794,1482.18948042011,0.6728001442379761,0.32719985576202404,1527.5176273772302,1491.32420337057,137.97680257386529,141.2034870294246,0.629505898546164,0.370494101453836,37.492829754367015,140.13318445302198,loser
2019,0,1370.16400632185,1693.9329960857801,0.1839826667262124,0.8160173332737877,1349.51335037764,1685.72880249337,108.26129846631001,211.80027624066201,0.14245115882278198,0.857548841177218,126.18742182822895,309.4183318330746,loser
2019,0,1429.92882891046,1537.76063470542,0.4386704560532147,0.5613295439467854,1421.72164382306,1542.2400457563901,135.95829371853398,150.8602788379566,0.4071254413813871,0.5928745586186129,24.078487871373536,260.0991043618621,loser
2019,0,1574.9131016686902,1340.9012587603,0.8482898424233134,0.1517101575766866,1578.0528965259,1409.2742759072598,191.1569081388823,10.845623911109133,0.860469687448804,0.13953031255119594,113.33836884799999,-314.06984623666835,winner
2019,0,1517.4370133776401,1474.76884936333,0.6501702794591802,0.34982972054081984,1517.75172356317,1470.2841592839902,180.48936475441482,233.17472194278503,0.632248249705875,0.367751750294125,628.5804831967221,328.50609242501685,winner
2019,0,1623.7945205099695,1483.50513743694,0.7652606388504105,0.2347393611495895,1618.1386247579699,1485.5932826278,118.09569577414983,170.05718401373326,0.6438597488694929,0.356140251130507,354.7416059395692,26.59970927336349,winner
2019,0,1367.59191533654,1336.54827282498,0.6348015784937676,0.3651984215062324,1348.02150748258,1321.13380219182,108.10513255454948,111.55255122259511,0.605650752955638,0.394349247044362,257.3382942883949,327.6919355267035,loser
2019,0,1537.52700615854,1544.28714838912,0.5830375859960025,0.4169624140039975,1543.1874888592902,1518.69394339849,99.09045599763849,182.31905273330463,0.4178271495996379,0.582172850400362,115.35252163701122,-5.571798896079207,loser
2019,1,1431.9067450619198,1600.80796708992,0.2744275595059409,0.7255724404940591,1439.02496011004,1584.3238385846896,148.4074049958136,31.419357093069,0.466316775987269,0.533683224012731,262.7678129647448,50.684284096681615,winner
2019,0,1528.98201737041,1472.78282416701,0.6676728957356927,0.3323271042643073,1545.4514537813502,1510.16830691995,59.93980970020428,71.70262520218743,0.601998531562359,0.39800146843764095,73.28193166051956,336.9035139369768,winner
2019,0,1572.0482673132299,1394.9271317262899,0.8011920334328384,0.1988079665671616,1558.7643122059899,1403.27959593322,185.38239698168056,149.8036218112774,0.7772157990348371,0.222784200965163,87.26695284890417,56.747829394018275,loser
2019,0,1582.77325373953,1498.35605647044,0.7026845819022682,0.29731541809773177,1567.17603578867,1548.2705891434,222.03471451516705,200.70589146888423,0.6279092711522231,0.372090728847777,222.0588305642487,109.055618626743,loser
2019,0,1665.0878461009802,1532.62028170166,0.7570759389155217,0.2429240610844783,1666.85464021728,1492.23352490032,276.9508168906684,144.87690023301957,0.823315272579743,0.17668472742025698,136.97735638823576,114.0416570650787,loser
2019,0,1508.55676006768,1488.35975077262,0.6202085270941381,0.3797914729058619,1544.80473581289,1524.20695078106,146.1552906248813,141.18518527771218,0.632157071499735,0.367842928500265,154.53046631857856,-190.80810135494443,winner
2019,0,1704.7841910382,1404.58939462703,0.8911197569949159,0.10888024300508403,1693.95298786625,1398.43757172315,221.5620817999033,124.77031313381777,0.897482598852858,0.102517401147142,256.96044015939395,-4.23565824755733,winner
2019,1,1474.5758258834198,1542.08145781245,0.4040558955602119,0.5959441044397882,1471.4434471063,1561.4801373658402,155.7114365396964,61.274021896235936,0.50534382488505,0.49465617511495,-139.99537074424737,147.2208166582154,loser
2019,0,1560.89195622049,1349.18803485451,0.831014707855256,0.16898529214474406,1529.98289310892,1330.6404281044802,163.52996757036618,123.02844872793386,0.8223796510173,0.1776203489827,397.0736297659923,88.43118657078553,winner
2019,0,1459.68338372497,1632.72383206349,0.3493424452889353,0.6506575547110647,1494.1396233354599,1632.28846027947,98.2227140756664,141.76028679069182,0.384015311406535,0.6159846885934649,-56.27398517467979,143.17412609311845,loser
2019,0,1563.1000689888501,1583.61598116315,0.5636702109423039,0.43632978905769615,1565.5241178563,1586.00294778,161.78416139034732,183.3750542097939,0.5463417474720871,0.4536582525279129,339.8199370907913,274.6308544934298,winner
2019,0,1342.61742771406,1359.3128113694302,0.5690714562468242,0.4309285437531758,1317.46010200829,1341.28916500476,40.71414057470496,140.78358681277373,0.443538423556475,0.556461576443525,-144.65629374295406,125.24439198846727,loser
2019,0,1463.7359260160401,1580.9538416146302,0.4254131405440373,0.5745868594559627,1500.45000345804,1553.08662760824,107.98585661444656,230.95376101334926,0.44419967876965294,0.5558003212303471,159.47062077621842,312.7602340182748,loser
2019,0,1632.7183943079199,1538.05475015541,0.714858244098631,0.28514175590136903,1630.3802772444299,1539.55359495,262.95347084042515,225.29847659864524,0.701877927823245,0.298122072176755,168.82707881939098,347.55586522744886,loser
2019,0,1354.95215330701,1454.15111258556,0.4509420791938188,0.5490579208061812,1338.51488156992,1448.48228789716,133.16648965300593,242.70785899100827,0.43061249369335497,0.569387506306645,377.3377500525105,417.6876705896004,winner
2019,0,1589.30936125736,1533.18058482426,0.6675829478785129,0.3324170521214871,1585.92558754977,1568.56168313591,169.25290504796155,146.992808194251,0.616575538794213,0.3834244612057871,-51.94140527157219,158.95758540591004,loser
2019,0,1332.19837926584,1546.6184505593899,0.29731196170918905,0.7026880382908111,1401.3242246531604,1535.76498601956,115.14224694660601,222.0371261200752,0.42105493269319294,0.5789450673068071,234.5791287110307,251.5177414212249,winner
2019,0,1432.36836938837,1512.7488201796302,0.4778801995543884,0.5221198004456116,1439.1413949698301,1500.19348140712,140.4980425695515,127.92840529191557,0.4974306856188699,0.5025693143811301,52.24281624599598,-189.71010377791592,winner
2019,0,1534.60702965115,1520.9221983271698,0.6113395141842494,0.3886604858157505,1522.9025131693802,1531.8985391488598,175.5708525684029,28.112040000000004,0.799831074740201,0.20016892525979896,174.8530820643496,122.18672893994228,loser
2019,0,1534.5108596505802,1511.9475047478104,0.6234118414065575,0.3765881585934425,1579.6816389125104,1490.79136087831,191.5408641846701,168.79243464776712,0.6905688639877421,0.309431136012258,203.79841964785084,98.39218005166141,winner
2019,0,1462.16219715101,1600.66178722108,0.3957757475604077,0.6042242524395922,1467.6422459208,1599.0732562591504,131.67251993719594,253.5408316383218,0.36492980685640297,0.635070193143597,-65.19563701829772,159.31169242660485,loser
2019,0,1506.92671925949,1588.2857424397,0.4764748557113154,0.5235251442886846,1486.75744305835,1591.8530117313599,161.75240918815672,179.5877389603915,0.431613581431028,0.5683864185689721,355.9056027843821,391.57478968108376,loser
2019,0,1343.34618655916,1445.83473713159,0.4462580419925207,0.5537419580074794,1324.4739914326499,1478.7433560854404,119.5687225122192,82.77304415063178,0.460481578334944,0.539518421665056,93.4117108040876,120.4462392933185,loser
2019,0,1446.41936369678,1552.02049762929,0.4418348012271617,0.5581651987728382,1440.41085801802,1552.11373187659,260.2058401508676,147.13347401600825,0.461298217951908,0.538701782048092,-45.374002848760405,244.58715356550945,loser
2019,0,1398.8165964079699,1362.68390219579,0.6415657850598714,0.3584342149401286,1393.02680112035,1346.5863114490598,111.86971599568017,157.5836156929564,0.5838961936374419,0.416103806362558,-42.13042192425496,38.48870916704913,loser
2019,0,1564.9897334947198,1570.11135724225,0.5853287557775594,0.4146712442224406,1528.70788787317,1570.86061593528,141.79337591622553,237.5242154615256,0.475471274391075,0.524528725608925,342.8420158940469,140.9847795844488,winner
2019,0,1511.85932959842,1334.55131749653,0.8013633266223047,0.1986366733776953,1518.64834934068,1311.41953916206,141.0964567717845,113.538755350977,0.8305161493073471,0.169483850692653,170.75846340466882,281.7644792822736,winner
2019,0,1367.37892158696,1570.46944845233,0.31111473384608784,0.6888852661539122,1347.32972785099,1602.37353880909,139.22966733034326,148.18928591541692,0.248600511770782,0.751399488229218,26.191956007631372,4.442811959818684,loser
2019,0,1539.5316451389,1453.69677700177,0.7043866965351835,0.2956133034648165,1583.7155567324698,1453.98115932555,192.7666197309884,159.84344579270658,0.7463262852776641,0.253673714722336,556.976360907473,290.77886206470316,winner
2019,0,1482.95499241699,1508.23906169051,0.5569081586211398,0.44309184137886015,1471.6926304561498,1485.5531182048196,108.60302175524998,175.49907551799743,0.5510500352635761,0.448949964736424,250.35368350857019,296.10696644932125,winner
2019,0,1594.32987659432,1566.7338045158401,0.6301885637331487,0.3698114362668513,1567.1362102017001,1536.1493297807501,239.13440831384185,186.88433378992906,0.645785798167943,0.35421420183205704,122.5859182578713,254.09338075303245,loser
2019,0,1579.01793515007,1646.57247865687,0.49632378262164706,0.5036762173783531,1569.36763936918,1647.6847275294901,140.406595504396,141.90167072093462,0.544062151796621,0.455937848203379,201.5960050996792,266.4257133321326,loser
2019,0,1530.05377295819,1558.4303077123002,0.5525110560087684,0.4474889439912316,1522.71614704926,1559.67405390494,224.98518765019008,192.50063423815757,0.554223857280332,0.445776142719668,207.2952312518756,53.526463291104214,winner
2019,0,1348.7630568670402,1710.5569892572598,0.15336055377353527,0.8466394462264647,1414.37306362346,1699.36375846905,127.08593512304844,225.10191763585246,0.246143377012739,0.753856622987261,-203.37758431955447,182.47814536578858,loser
2019,0,1612.5480076854199,1353.89775044928,0.8656556182848676,0.1343443817151324,1613.5233230863,1336.80084194513,200.7864440324605,127.92589619807215,0.8849242816282339,0.115075718371766,190.3069623774528,53.28661366078907,winner
2019,0,1581.77847898618,1437.5068457165805,0.7693535073599884,0.2306464926400116,1550.6928879781399,1445.13366986595,161.89823991400752,111.98570424164672,0.7421988999309058,0.257801100069094,104.12239882089969,75.16183162085136,winner
2019,0,1671.2102357316699,1388.85558643502,0.8807481521184674,0.11925184788153265,1675.1062196149499,1369.93512069886,209.1746809489326,145.67412504036577,0.8805129538080458,0.11948704619195402,386.30239018758414,39.35249586032028,winner
2019,1,1580.93260134316,1322.30316394391,0.8158966965779668,0.1841033034220332,1582.48453576625,1302.6630705021198,156.87884197095826,116.95302134140614,0.8369804305229541,0.163019569477046,258.9302183442777,158.49098830930262,winner
2019,0,1554.3801780752694,1496.1717939802,0.6702341941131316,0.32976580588686843,1541.9461472837195,1473.3037832417301,146.5255364639243,187.55986461112988,0.667474116614673,0.33252588338532696,45.412290348766774,141.53071868115111,loser
2019,0,1417.5072599829098,1558.69853950601,0.3920764563229889,0.6079235436770112,1410.04005412836,1530.4185688528796,123.14821862507999,227.47955930824475,0.263635651128105,0.7363643488718951,325.50500273100585,102.30408690285894,loser
2019,0,1520.4404083405,1529.09614090863,0.5803824729098152,0.4196175270901849,1525.8701442725799,1530.4678866840302,144.06265743507296,178.6032171434521,0.584028334094204,0.415971665905796,77.7667607049069,187.122546333785,loser
2019,0,1466.87775974684,1339.23267383576,0.75193410134021,0.24806589865979,1500.5542770159698,1398.4229588606604,86.5403636649004,94.03958317878828,0.598853023850847,0.40114697614915296,265.72052911312426,-89.49258372049181,winner
2019,0,1495.0222601273001,1455.09282598453,0.6465760226468399,0.3534239773531601,1483.9419654192402,1446.2863394492301,122.77808793058212,126.140755811302,0.661019206408926,0.338980793591074,125.63606684092959,127.81790914248012,winner
2019,0,1482.6644540137695,1372.64491216874,0.7325293308830785,0.2674706691169215,1465.08713170341,1369.67799187055,181.1677285477795,96.4697022036868,0.7572787261020308,0.24272127389796894,236.18056472432167,320.4823412126538,winner
2019,0,1583.95061959001,1561.56445771134,0.6231723451884565,0.37682765481154346,1612.90242471495,1586.6372450229098,133.81463851985723,69.86870137243392,0.7355711292176179,0.26442887078238203,142.85068880858984,-218.361350777125,winner
2019,0,1553.3226117507902,1437.4054265576,0.7391283445296655,0.2608716554703345,1548.8756158303104,1440.2155841788199,227.870271873818,172.93698741990627,0.734535964951793,0.265464035048207,274.6638338777239,269.56620611496936,winner
2019,0,1720.08737228854,1450.35989103635,0.8728999387381564,0.1271000612618436,1715.31386323185,1486.4004208645804,220.8395404088461,113.13433303062362,0.856832745708445,0.143167254291555,141.65851333298608,115.63758591204832,winner
2019,0,1625.31713865551,1555.82299558307,0.6844310096627424,0.3155689903372576,1621.581832314,1597.4811318792001,114.37369198662,229.1875938486367,0.415594835442601,0.5844051645573989,236.60620997709304,265.0604358482421,loser
2019,0,1547.29016628781,1325.97023875445,0.8386462726501114,0.16135372734988862,1569.24793411342,1304.19774423016,100.71666256157584,130.36132774410672,0.779875392911091,0.220124607088909,83.3168312500603,34.07671897675716,winner
2019,0,1382.39704596737,1610.5064238178,0.2811159108913561,0.7188840891086439,1363.4628546171,1630.82924171216,135.04196212236113,134.71824354873058,0.246749750789244,0.753250249210756,294.1230077773561,358.703561693829,loser
2019,1,1479.23149163593,1560.0059083882998,0.3858063002115743,0.6141936997884258,1521.61446810287,1555.68833750676,104.45838020972276,232.5496280742086,0.34590858095592303,0.654091419044077,36.934186824845966,316.2283364811578,loser
2019,0,1594.9989926953501,1618.16460424209,0.5599152468158894,0.44008475318411056,1604.75077189488,1618.27648877442,126.59694378566729,199.7384958669596,0.390572834185438,0.609427165814562,159.48857399337453,194.68370507145482,winner
2019,0,1485.3640511604299,1348.28115389261,0.7619286807502131,0.2380713192497869,1490.5305181379501,1332.04767625701,137.43306776205628,106.5537,0.7980136563606008,0.201986343639399,154.02790527420515,70.15271003272092,winner
2019,0,1535.00865348355,1505.8806462258701,0.6322413598402246,0.3677586401597753,1568.7104280257001,1494.3067556441101,41.04569615747799,123.06388582161695,0.539328050430659,0.460671949569341,66.61330470098106,235.99444538378543,winner
2019,0,1554.82586441449,1586.40610460413,0.5479471150645824,0.4520528849354176,1579.81126577491,1555.92083710229,98.9766794304242,156.12065580469675,0.466016728164367,0.533983271835633,143.97003105543362,45.20917404354417,winner
2019,0,1318.4345406277698,1326.87894194667,0.5806787136652244,0.4193212863347756,1293.63441256867,1377.36276777376,120.73286686737177,75.68636648886026,0.468139027736025,0.531860972263975,182.7707936730931,87.69728070318237,winner
2019,0,1564.1724980887,1544.53753363763,0.6194461353785632,0.3805538646214368,1565.80751281866,1532.15424246795,179.4551500624856,136.4142118524085,0.636951766709352,0.363048233290648,162.80047376271855,-19.21528631471361,winner
2019,0,1430.72212992009,1491.54299004694,0.5060139756910399,0.4939860243089601,1433.40286250237,1473.06804845525,182.5999092894124,186.66901216543368,0.537029729058335,0.4629702709416649,232.48451516764615,251.9869331994627,winner
2019,0,1574.45872778087,1444.23443988596,0.7546931445963736,0.2453068554036264,1540.56030161803,1435.92154922436,214.9620120677063,126.30847114441973,0.7613502979790979,0.238649702020902,407.41055451450745,262.9960436100805,winner
2019,0,1432.87922009863,1444.38508413649,0.5763816265461266,0.42361837345387343,1439.9057207418,1479.60623629325,22.217579999999998,113.38465831876623,0.409149741822476,0.5908502581775239,124.97187868196163,253.98256989547957,winner
2019,0,1506.01443841784,1586.1411415432299,0.4782446688171065,0.5217553311828935,1483.0956880575,1614.31219229832,182.95695001813183,232.77487804859703,0.377795426588561,0.622204573411439,184.1521904938633,101.51796684695357,winner
2019,0,1602.36514160415,1726.0621791884,0.4163227659868359,0.5836772340131641,1572.86697112957,1722.10804780318,193.60523848623936,212.9214377012603,0.4333060260179871,0.5666939739820129,412.10199763207197,170.21291336060287,winner
2019,0,1363.76637613557,1559.38793976186,0.3204034864220307,0.6795965135779694,1361.69707511871,1551.92231427017,118.87096610458343,223.2161920103587,0.248968877322139,0.751031122677861,107.57643114217394,249.41782750373048,loser
2019,0,1451.2274789729502,1535.14700631517,0.472799492265728,0.5272005077342721,1452.4342579557501,1519.01302536359,187.5883698772357,183.07647406570496,0.50794321128144,0.49205678871856,144.588359520231,-131.8961224448855,winner
2019,0,1488.9673550376199,1606.97303888513,0.42430505535972257,0.5756949446402775,1472.4855137088,1622.26289692446,134.35694177783395,244.11791771715008,0.360862455298231,0.6391375447017691,171.3858108335069,442.7489304815577,winner
2019,0,1677.66877619932,1401.7470717080496,0.8768035886005144,0.12319641139948555,1681.57848569671,1399.8983213632098,226.88745187279773,229.6478558509047,0.8802080151545179,0.119791984845482,39.07517357334096,125.13116208292921,loser
2019,0,1308.91390992458,1345.64541839974,0.5405920960446091,0.4594079039553909,1353.75248795313,1347.97641712629,76.88745791029247,117.74151260834259,0.630047413777772,0.369952586222228,224.0432271441689,203.29854500506352,winner
2019,0,1429.56499755453,1497.45491182391,0.4958411749631245,0.5041588250368755,1457.80025469086,1500.6348162806796,127.4444494764375,139.0925515132712,0.498791824632404,0.501208175367596,213.13136554671001,253.6595757634884,winner
2019,0,1528.43380504916,1471.0376409940802,0.6691999891570246,0.3308000108429754,1516.87836109863,1454.0366530018698,120.85126203569628,29.169025680927,0.8087235943112171,0.191276405688783,98.066580424889,189.9367410902076,winner
2019,0,1313.3808419656698,1637.03092491053,0.18408545242354554,0.8159145475764544,1294.84383523021,1606.3353450780496,66.19932,215.45491440082267,0.13760357508905602,0.8623964249109441,62.338558708197745,399.3999984426903,loser
2019,0,1435.4656642489902,1375.1408377475302,0.6729213273374816,0.32707867266251844,1427.41313863788,1357.17556096227,139.9772283909859,150.95006668786075,0.643518187511683,0.35648181248831706,111.38467462476221,259.2963178044076,winner
2019,0,1576.62211415504,1336.39957264986,0.8528338073898538,0.14716619261014618,1544.0605245846698,1317.2446923892999,119.17271278340998,126.93665954794407,0.7965199418504509,0.203480058149549,-97.89129231635192,77.997820518287,loser
2019,0,1564.60985486358,1589.8549233214,0.5569635575249124,0.4430364424750876,1591.6715782925305,1590.30377103816,103.47601459292524,167.08397960828998,0.40443591307086496,0.595564086929135,113.57272990946257,-45.85499364300789,winner
2019,0,1557.0085736459,1551.9219446718,0.5995165331016619,0.4004834668983381,1578.3948549922302,1590.5316699610098,219.64918692843258,43.60245701182833,0.7092550067966349,0.290744993203365,123.51101413022128,156.1008719847951,winner
2019,0,1577.5088974976902,1606.1905580523098,0.5520767479797367,0.4479232520202633,1565.64297226259,1600.76436374484,225.8363555596959,199.23301678740899,0.542626143675076,0.457373856324924,330.3404363093307,255.9439006006901,loser
2019,0,1617.76263203764,1583.22750341784,0.6394482639187901,0.3605517360812101,1637.11653536699,1549.06871220451,157.11677536324044,234.20686631238664,0.6797430014664111,0.32025699853358897,-52.13746755479856,191.6031484041134,loser
2019,0,1443.56163422515,1580.20435054384,0.3983347185575914,0.6016652814424086,1471.7020009921398,1613.68650133693,136.0131410834648,104.48568612457899,0.497443754984008,0.502556245015992,236.9040470547676,-134.59711200906102,winner
2019,0,1544.7483685157001,1455.5776923076098,0.708369395019957,0.291630604980043,1515.32502664474,1500.6811932211701,145.02950762858146,163.488868151235,0.563676970773928,0.4363230292260721,101.39321067272495,228.1742205079976,winner
2019,0,1458.00511493845,1559.43994416749,0.4477574341175583,0.5522425658824417,1446.89474951366,1547.93755374112,45.245797221855106,236.2867636346593,0.24512304546806105,0.754876954531939,254.9929965862808,386.1695424192704,loser
2019,0,1368.2733182892,1483.45827515329,0.4282761655142653,0.5717238344857347,1345.98019032923,1486.7330699794,122.04277564497845,150.54925393829276,0.39354056562776096,0.606459434372239,130.8310882849994,415.16956331509226,loser
2019,0,1444.0454556970599,1617.68814667083,0.3485548487097844,0.6514451512902155,1436.85647026005,1621.18495134677,137.11797301436354,208.1062240428521,0.311709826384902,0.688290173615098,72.97089499440773,266.0977929298121,loser
2019,0,1624.25951138251,1447.6993066805899,0.8006772107735222,0.19932278922647784,1618.4697822663095,1461.7117023441901,204.90410516873715,32.49300986819616,0.846480525943495,0.153519474056505,312.1997324163307,58.369705509489,winner
2019,0,1534.86625498031,1461.7277012365396,0.6889445156759428,0.3110554843240572,1578.59552906226,1460.29185571315,54.85229850912504,219.19618647410718,0.632028425298133,0.36797157470186703,-127.91229408970119,204.42175443933544,loser
2019,0,1336.19029322913,1327.77775998688,0.6041044050603176,0.3958955949396824,1321.94337811428,1368.51763736051,102.91360100327196,91.60303483368013,0.4881324117454571,0.5118675882545429,-50.44009122956462,235.39280102611977,loser
2019,0,1648.9267080225195,1583.6597077166198,0.6791519263801795,0.3208480736198205,1615.01497080892,1576.62161238846,233.84942280500923,240.91749891490346,0.6240396941695451,0.37596030583045503,408.28376849922745,-81.72207821158722,winner
2019,0,1599.19322127463,1366.56104629946,0.8472649226303978,0.15273507736960226,1617.0793143190301,1347.7322293401,136.19135107143654,161.78469179951563,0.848810688089038,0.151189311910962,334.47173190915004,326.1992819995328,winner
2019,0,1462.9117402373001,1301.48505885368,0.7864094553772621,0.21359054462273785,1463.21879140977,1286.1642094993401,183.28836884153526,65.81324387081995,0.8570376036526289,0.142962396347371,174.46628953617963,-126.32502530701612,winner
2019,0,1580.2762266771695,1691.39639588202,0.43401486369755227,0.5659851363024477,1581.08339418798,1688.6396738547,177.78968243250884,208.6505852671944,0.42576355483576,0.57423644516424,97.43318876609241,81.04176901664712,loser
2019,0,1574.26042764114,1541.46633110479,0.6371343925122516,0.3628656074877484,1568.28884799376,1524.0202645868399,145.7900822831604,118.57279387461551,0.652601326974201,0.347398673025799,86.35619505132212,36.5803844296143,winner
2019,1,1523.46274505082,1590.61731936741,0.4045425998039099,0.59545740019609,1508.22849190957,1603.70457751195,151.5792144146458,263.9810189935908,0.320513592567291,0.679486407432709,-5.187188692543439,190.45523255984443,loser
2019,0,1562.1205581844904,1561.34297692363,0.5935465402169133,0.40645345978308667,1550.9167405574499,1541.3663192038598,208.65354120225447,140.665877932996,0.600385724010578,0.3996142759894221,213.7618004982227,105.68587108989227,winner
2019,0,1363.90502909481,1470.9657887735598,0.4397636818239559,0.5602363181760441,1396.6299246563901,1468.4278022637698,105.98201145292398,182.40616091099983,0.506365594739427,0.493634405260573,360.43751697395965,18.378204347538745,winner
2019,0,1510.1832094623,1424.84459097771,0.7037915219493683,0.2962084780506317,1503.8119895218601,1419.8980610788599,217.7187432706301,130.70326521236785,0.702651863522233,0.297348136477767,-92.75080570105352,252.3396116304089,loser
2019,0,1477.24533533659,1344.06792908211,0.7578266463299154,0.24217335367008466,1498.9429460948002,1323.9818131870402,146.1022316805952,122.92160690898064,0.7796171773451249,0.220382822654875,270.2973761649612,118.60903460701714,winner
2019,0,1293.4310103174198,1546.5206494324,0.2529895486519377,0.7470104513480622,1280.95519864534,1586.44555623427,46.59941695303621,80.5774063112149,0.227048061021126,0.772951938978874,56.065135717654144,-127.99073392500448,loser
2019,0,1562.5966847787802,1601.7969141808499,0.5370607592802287,0.4629392407197713,1563.7850121042002,1569.10593325247,169.7540330658671,229.94649452155917,0.512549506188241,0.487450493811759,127.64569683856648,-41.51402841856017,loser
2019,0,1524.80469725719,1326.78156833744,0.8196654953974114,0.1803345046025886,1508.14986627904,1333.21126771891,110.37355293011551,126.29721584801477,0.7623069148059191,0.23769308519408106,124.36735680258549,214.00467631438102,winner
2019,0,1507.66366436038,1441.91812760513,0.679751886723286,0.320248113276714,1508.73144712159,1457.35713864931,177.01128487597268,35.08067943232545,0.7798969688146821,0.220103031185318,224.9460368111391,-105.42417511362561,winner
2019,0,1636.88901139018,1486.41074675456,0.7756323445944704,0.2243676554055296,1638.1433605279599,1535.0753952535501,213.905380931548,36.57583924924248,0.8103340420874929,0.18966595791250696,315.60695773299364,209.53864126031232,winner
2019,0,1300.0630241212,1438.64920098689,0.39565655967177177,0.6043434403282282,1293.8310908184,1437.00161755885,87.57823177998839,66.22051715829758,0.4968427190980589,0.503157280901941,11.417356313931153,118.31945199043894,winner
2019,0,1505.3230745553399,1438.9830838996802,0.6804963502114997,0.3195036497885003,1491.0438331213095,1474.63990066205,138.05982868340124,169.95740338691138,0.632844406459155,0.367155593540845,435.1998411547149,169.7777749731043,winner
2019,0,1709.07593778041,1578.79585811905,0.7547525971307849,0.2452474028692151,1705.93805593848,1557.8306856959302,195.88970364213955,251.2750415131202,0.72940213148358,0.27059786851642004,33.64963777259172,160.17782034341275,winner
2019,0,1605.64520401337,1574.0642633373902,0.6355183101127875,0.3644816898872125,1623.46067549732,1590.33099589098,156.01938915520782,210.0353696486113,0.597898399171591,0.40210160082840896,182.2521194011805,60.04560891518112,winner
2019,0,1590.92206148874,1670.46585755465,0.4790820117169616,0.5209179882830384,1584.15924630156,1640.7198426399302,139.84669355997647,251.29285737443118,0.4236019132151671,0.576398086784833,65.22031671461724,436.3276562237571,loser
2019,0,1421.3133901709302,1530.57691527174,0.4366420824641395,0.5633579175358605,1423.03720963784,1515.9498809554998,28.112040000000004,111.77293331736246,0.274898151264847,0.7251018487351529,173.9007335142871,303.19277951385953,loser
2019,0,1571.5452402293,1525.13789646837,0.6550500300249075,0.3449499699750925,1549.7529520807998,1520.29947448034,242.16531939614947,181.80476006948936,0.626591702368771,0.373408297631229,283.2733246576807,247.42344689958716,loser
2019,0,1470.31163242233,1642.5548636905899,0.35038628959686097,0.6496137104031391,1464.0233920170801,1642.86104899008,186.67178837346168,224.0755386116927,0.297367215282882,0.7026327847171179,42.93800021292176,114.61892206451346,loser
2019,0,1331.22537419603,1538.71576723971,0.3057125816613984,0.6942874183386016,1312.3977258391499,1541.1716316345,122.49034967878436,165.54319944313698,0.298006771269889,0.7019932287301099,274.6879640179927,186.1287983723381,winner
2019,0,1321.00935032289,1550.3134507779598,0.2797281581475998,0.7202718418524001,1325.41125304245,1563.80927041884,135.0679618946513,195.03639357526828,0.251648531970403,0.7483514680295971,23.61580444674663,343.8352799780812,loser
2019,0,1284.36058993638,1403.49454476315,0.4227193417541543,0.5772806582458456,1272.89827152903,1430.77739447018,121.10681803819566,131.42756200502745,0.24442345486008696,0.755576545139913,127.97558514578672,8.72509378687056,winner
2019,0,1480.7448944541504,1317.39883493716,0.7882594498699627,0.2117405501300373,1530.35770679143,1307.79549873941,53.87211945034953,79.9621442333825,0.7898094924624499,0.21019050753755,93.229770406542,-53.6370991380312,loser
2019,0,1555.5910698134396,1490.08789022267,0.6794481079561834,0.3205518920438166,1594.5024833505802,1510.52703344269,37.51950889399416,158.52174612903187,0.511450497965321,0.488549502034679,115.28487389229127,12.3081699473964,winner
2019,0,1705.57924519318,1629.3960165728,0.6926879639834055,0.3073120360165945,1671.2301346111801,1649.9824009694598,269.79633725936395,158.64266217980497,0.6802003929257591,0.31979960707424104,323.6496194850472,155.6455918945115,winner
2019,0,1550.40085165208,1524.2303473664301,0.6282740600015553,0.3717259399984447,1530.63170707928,1513.11909519078,137.16787724868556,167.77382993053254,0.575311578499913,0.424688421500087,82.71517724007417,69.06000148893648,loser
2019,0,1420.0758110885904,1464.71616801768,0.5292663897127122,0.4707336102872878,1452.56463859258,1459.68665858364,169.93944054553057,142.866899854172,0.5962769534306911,0.40372304656930896,-91.44697440037599,109.14614011260299,loser
2019,0,1360.10906356072,1555.80867385021,0.32030566738918065,0.6796943326108194,1341.35086816181,1553.64895433031,178.22615081951722,132.38405587544048,0.381505295021952,0.6184947049780479,-12.2124355718046,350.38443632931745,loser
2019,0,1606.9434219920001,1431.37627310522,0.7997633296427002,0.20023667035729967,1616.28775874613,1434.28033244998,256.62844035021635,166.00336525465377,0.833904132059062,0.16609586794093806,154.6119321408869,74.56846175770859,winner
2019,0,1424.44389549714,1507.13664242623,0.474560077185128,0.5254399228148721,1445.78911129056,1495.64531067539,94.31136,135.90257410392695,0.480577866003529,0.519422133996471,157.79876194747732,173.40502598620705,winner
2019,0,1573.06268345604,1716.32655567016,0.3892364101688463,0.6107635898311538,1561.65135268203,1714.01578955361,209.16436713185144,179.66569705518486,0.403088299072148,0.5969117009278521,278.85522034186704,133.36786855102258,winner
2019,0,1625.67783171992,1630.04069045797,0.5863885077940385,0.4136114922059615,1591.7193137221698,1622.82434596119,202.8004422275472,215.63366789349655,0.4861703757809121,0.513829624219088,194.01751124963954,186.5697030122633,winner
2019,0,1544.3546761310001,1537.2539773971805,0.6022969524944486,0.3977030475055514,1524.16903285576,1517.28547604378,130.91491793701198,246.2761199223025,0.549396339922416,0.450603660077584,368.0085655702336,191.9019878541978,winner
2019,0,1597.7092954040195,1439.13029387094,0.7836430765873041,0.21635692341269586,1585.62531954944,1460.27948663,216.13345245285285,100.66010019474787,0.7663086275750409,0.233691372424959,222.12106570252172,299.25576613909647,loser
2019,0,1455.62978020505,1442.0934597148,0.6111363683113797,0.38886363168862026,1451.7865873254502,1491.5984674584195,172.2984095574076,57.80788454596881,0.5859905602480511,0.4140094397519489,281.65104683449533,81.46426697691281,winner
2019,0,1565.6415423121698,1356.05026967651,0.8293000121652401,0.17069998783476004,1577.4543006554902,1346.55473807242,209.9162822155496,66.60221989624104,0.872013510386381,0.127986489613619,84.9045729018399,-3.9986947599657294,winner
2019,0,1657.23671590787,1621.3893397579502,0.6411880071933855,0.3588119928066145,1655.09785368171,1641.61434671166,213.12987695697456,158.3429551512755,0.59935519297163,0.40064480702837,568.1334295264188,315.6473912179008,loser
2019,0,1495.5974880923902,1514.90177564254,0.5653848359682444,0.4346151640317556,1495.25105360339,1498.7070333184802,139.494823880015,131.7226072478243,0.566944383235714,0.433055616764286,394.9132924301136,194.2516653352677,winner
2019,0,1477.50304040896,1317.89698322011,0.7846437902472198,0.21535620975278025,1490.28206254332,1319.90115049371,143.9003885108684,121.79369474895479,0.769193692592046,0.230806307407954,-1.644869886848103,86.0569212133016,winner
2019,0,1559.42915930049,1713.5859220080301,0.3744372103134439,0.6255627896865561,1552.7669505173599,1679.59818886898,188.36662875249908,275.18166548193216,0.3611477758293489,0.638852224170651,-57.10039668458896,238.05594944042173,loser
2019,0,1613.3004716295402,1407.53562931167,0.8261592245465791,0.17384077545342091,1601.36099478379,1414.81805773758,212.7272714053733,42.69090935142858,0.906325465328446,0.0936745346715541,202.52943155379157,-33.84707329721751,winner
2019,0,1369.95815147942,1360.1170599903999,0.606069448872402,0.393930551127598,1383.7745155055,1341.70054596253,119.15731518321178,137.710111112705,0.6541497649202571,0.345850235079743,117.3886494693462,134.0830969041224,winner
2019,0,1389.19449101388,1492.4502440524302,0.44516696498408864,0.5548330350159114,1417.0002435728302,1481.15493533595,97.70596087123508,139.65281929215507,0.453967408033039,0.5460325919669611,161.42511486572857,330.36512412259947,loser
2019,0,1339.95963918571,1568.17591962715,0.2809915654926152,0.7190084345073848,1316.8601616992696,1614.74745424995,159.182292180385,45.29604539382385,0.360254381031818,0.6397456189681819,-16.720947534348422,99.1915055284758,loser
2019,0,1418.86501465263,1559.7294233759699,0.392525036030865,0.607474963969135,1424.0685337334305,1545.0437689515802,156.85987490495916,157.902447086373,0.394633393207204,0.6053666067927961,281.82570939369566,371.57762654946777,loser
2019,0,1691.6799437221805,1619.4546804445902,0.6878167539591544,0.3121832460408456,1690.0418226862,1626.49955746268,175.03591420476874,246.42678952928355,0.632109198827183,0.367890801172817,37.47632968544816,232.20875034039867,loser
2019,0,1575.95809822522,1642.4180505483496,0.4978989720814466,0.5021010279185534,1578.13966079285,1613.18266489957,154.18409392082796,201.92214912975632,0.531507804817284,0.468492195182716,201.2975088772752,42.81447722241063,winner
2019,0,1509.82408144534,1305.6812587886802,0.8248141428488568,0.1751858571511432,1511.86881151112,1311.7662228058,167.60175933605709,141.67373154974658,0.803704911670703,0.196295088329297,221.00980699480183,114.06985683271792,winner
2019,0,1728.55182268931,1375.23952321232,0.9174352493365332,0.0825647506634668,1693.9705818888199,1388.3392939949201,271.4690938777811,118.98044861182522,0.8958886017460079,0.104111398253992,442.82523307454176,194.54091416526558,winner
2019,0,1309.3099461449099,1661.1714800230304,0.16093228456594047,0.8390677154340596,1310.6388849693801,1662.57937943646,118.22001739538958,161.27995575283683,0.184372173399606,0.8156278266003941,-11.755396160996401,35.69366462311947,loser
2019,0,1583.18675590069,1550.46512481345,0.6370379455884684,0.3629620544115316,1568.64300946035,1539.82650306388,179.26996503268242,216.7322137778196,0.644748720615298,0.355251279384702,180.30926884776662,184.87071493963575,loser
2019,0,1649.96314414374,1486.3744644615101,0.7884924632905496,0.21150753670945044,1653.9620007124201,1506.07830311556,245.0049856103952,120.51966678918276,0.777859184806606,0.222140815193394,278.96130343302053,-16.571195783199055,winner
2019,0,1350.6119792359,1515.89882977825,0.3595546715832057,0.6404453284167944,1342.57181050213,1518.74310792937,59.542128430620316,172.94256410193142,0.28977207927165505,0.710227920728345,294.122655006707,291.8256352723727,loser
2019,0,1419.2315119746,1613.9479707378302,0.3215390424371997,0.6784609575628002,1467.06234141698,1586.8978255218499,60.1735227890633,186.01138193902176,0.33671179777539195,0.6632882022246079,73.05892444903634,264.2347855083955,loser
2019,0,1571.0798327527802,1560.36981599811,0.6072630216876754,0.39273697831232457,1581.43722822578,1542.6202961438,197.41511128417847,154.62428270033413,0.627212810459139,0.37278718954086093,155.54317947711274,97.14753099365751,winner
2019,0,1399.3656352876699,1507.4023822745498,0.4383799803777538,0.5616200196222463,1410.6252137797198,1507.0078133318698,35.03711108656407,165.0366707350251,0.269428962209726,0.730571037790274,-2.9346269158707594,349.77925099172546,loser
2019,0,1299.60651045577,1354.8356882575,0.5140576376638823,0.4859423623361177,1304.89192638755,1337.1357674731098,138.9133440780436,137.34740969184674,0.5155816423634221,0.4844183576365779,97.95550801150387,181.87560766068668,winner
2019,0,1329.7792290729699,1486.0900774841598,0.3715372812686588,0.6284627187313412,1303.44788940091,1499.5443280676502,141.59196820891154,129.3458626710967,0.340796858149568,0.659203141850432,280.05036616826146,170.428221267677,winner
2019,0,1523.81021124819,1621.47046565354,0.4531360753644698,0.5468639246355302,1513.22337093731,1605.55383874165,158.72404977519946,211.70748742021527,0.42502648092755496,0.574973519072445,105.42157138326824,200.51015013806702,loser
2019,0,1395.4076821279098,1357.83452381812,0.643470354459037,0.3565296455409629,1400.46929322466,1384.93180797147,169.35645835383298,104.07787627068446,0.6780027333656989,0.321997266634301,132.31315893209302,140.7750362376191,loser
2019,0,1636.1545115258402,1478.49172794525,0.7827475205456637,0.21725247945433634,1655.21612405593,1476.32271336689,174.0733987579379,183.2336732851165,0.8311992047879058,0.168800795212094,134.7773446436921,234.11304906572383,loser
2019,0,1521.23883753007,1604.42817803574,0.4738473239708568,0.5261526760291433,1498.83421275574,1604.4245001705701,240.83870671549198,158.89543541647282,0.456972213964161,0.543027786035839,249.8600443769149,177.64442830734632,winner
2019,0,1578.35632973989,1544.46325861921,0.6385957018208929,0.3614042981791071,1628.15972654831,1538.3945574975198,50.68559140728897,163.81992620879024,0.5387682926917151,0.461231707308285,-65.60055701597443,168.2213908579941,loser
2019,0,1642.47154413998,1503.09688146038,0.7643134308211695,0.2356865691788305,1641.4960763374402,1486.95027359,248.63023221391902,137.9755130565685,0.7882732310712908,0.21172676892870895,470.1739188242349,61.57131267263063,winner
2019,0,1533.98342237668,1568.9485823295001,0.5431162584757772,0.4568837415242229,1522.44796688203,1558.58562224458,183.51092876069515,213.5460638940011,0.540037475752288,0.4599625242477121,-74.58990357899684,-30.54160455445209,loser
2019,0,1669.97282852798,1572.2717371635001,0.7184088761475821,0.2815911238524179,1672.7797240217599,1561.07963804939,148.72132663986508,164.2600726737105,0.6777083501106229,0.32229164988937703,344.86576185044936,204.6186646626784,winner
2019,0,1599.93518652474,1570.70654096997,0.6323760486398666,0.36762395136013337,1615.66945340462,1569.4323345523499,170.14379334651338,160.77033470556003,0.663278829783956,0.33672117021604403,-39.53666682630588,258.67368762806274,winner
2019,0,1488.72488782569,1407.41454271198,0.6989346821277662,0.3010653178722338,1474.16685671862,1454.6240125172305,130.33509301817466,68.01299999999999,0.6796434634771611,0.320356536522839,94.89933724860072,-127.89848610135266,winner
2019,0,1370.95077179863,1550.5478511956,0.3408128878857476,0.6591871121142524,1382.8380124884,1605.4746459964401,126.5364951671693,39.056976564962724,0.459184338555276,0.5408156614447239,155.15661233071918,-111.9697375635607,winner
2019,0,1564.70329838464,1656.8435377746698,0.4610213074717276,0.5389786925282725,1549.88389027965,1654.27949320882,179.37389541419103,270.7846008749505,0.427552175289376,0.5724478247106239,183.85903805462425,247.86347020827907,loser
2019,0,1450.57797842262,1732.8405741029999,0.2225852123203908,0.7774147876796093,1461.8790428954098,1699.47186339534,133.45409853075464,288.6047077974572,0.198252931717369,0.8017470682826311,201.61015947262737,436.62413887547393,loser
2019,0,1334.1202640081501,1327.02032565761,0.6022959040195557,0.3977040959804443,1329.5936626505802,1332.20666527566,83.00018108822913,123.92274614986069,0.5402035321074821,0.459796467892518,140.73811829327744,431.64064452437935,loser
2019,0,1514.71105294635,1379.5599660552402,0.7599056432141231,0.2400943567858769,1515.8693840182,1408.11920558856,188.3216108631772,107.74759226737802,0.7446131806099141,0.2553868193900861,230.93379200111355,23.72476842713244,winner
2019,0,1327.42187305566,1300.50859763996,0.6292720907423817,0.3707279092576184,1309.821028585,1300.43854038408,141.80022948873076,105.22247603975084,0.617119044049174,0.3828809559508259,301.1752724075885,265.9440236265536,winner
2019,0,1474.70787980991,1372.78459518554,0.7232994956665749,0.2767005043334251,1493.7700567437,1395.18506022956,106.81058053194474,31.239937286320586,0.8306305460221229,0.16936945397787698,191.0165794577657,-12.880470723005493,winner
2019,0,1493.43701401806,1373.68223989079,0.7433653125023847,0.2566346874976153,1484.98516496953,1377.2818956075698,153.39380193600638,165.652128411659,0.7046358311406741,0.295364168859326,159.11257544136302,308.26093364678866,loser
2019,0,1532.3905450060001,1554.9604745958402,0.5607600180499548,0.4392399819500452,1531.7212557809198,1533.8263783739599,184.8308712189756,241.7408404816344,0.559226537840362,0.440773462159638,319.538497907604,115.70281327199659,winner
2019,0,1625.7649400004502,1365.29132813451,0.8668715912557412,0.1331284087442588,1599.3361544216,1341.11317457315,193.83372229595912,155.43780800484654,0.8499247238438341,0.150075276156166,-79.68689878008189,134.05226924220943,loser
2019,0,1543.68536203331,1661.62972879534,0.4243912776237294,0.5756087223762706,1526.88480644388,1666.27024708428,148.87660752966642,248.40061739265758,0.3699381205920621,0.630061879407938,41.31365502158597,348.3723115188822,loser
2019,0,1651.84366288367,1587.76428671758,0.6776603976191977,0.3223396023808023,1633.79204470943,1597.1727179257,210.58775369200038,193.22791810347198,0.6498810722573071,0.350118927742693,-74.39355454040037,55.23678382972992,loser
2019,0,1360.45046134698,1625.7613606878601,0.23992655210555824,0.7600734478944418,1387.96855138582,1633.2354802228501,26.82789648538797,179.42880467609788,0.148277399129992,0.8517226008700078,-14.277585797755465,88.70204150050253,loser
2019,0,1518.71661676158,1526.0005564527698,0.5823043885071284,0.4176956114928716,1507.28276020734,1527.9497198173901,157.70084552672603,192.58282897697083,0.570620537025966,0.429379462974034,48.24482102140074,62.69176668889562,loser
2019,0,1680.87742430832,1337.28842109985,0.9130952388613001,0.08690476113869994,1685.4404043983802,1320.05115055142,168.33577016092354,157.73773378061654,0.8996766870456341,0.100323312954366,86.62311346085099,370.2440224451694,loser
2019,0,1687.9705862057199,1459.68701355604,0.8439972967427625,0.15600270325723753,1688.8351440601502,1453.51991242072,258.3977868052799,153.9656792865421,0.8630600445512621,0.136939955448738,131.77417798007428,170.55426328613174,winner
2019,0,1613.84658891339,1517.34450462293,0.7170105079284214,0.28298949207157864,1597.7292824122799,1504.3199094680099,67.82311146005999,138.12031227885825,0.554086146740843,0.445913853259157,-8.650013041436878,107.88123565386849,loser
2019,0,1290.64204959577,1439.09896849877,0.38215374577898775,0.6178462542210122,1290.20841841766,1451.7614634807599,121.29463079843107,140.26970462494174,0.3739879424146789,0.6260120575853211,117.42922294732463,-41.60720019716601,winner
2019,0,1387.67384849579,1678.6837232057098,0.21399383647561368,0.7860061635243863,1433.4773420521499,1674.32212025931,48.421851389864685,268.4924878082832,0.172709749466305,0.8272902505336949,-91.34762283248185,269.97066140179567,loser
2019,0,1561.36714138316,1398.01490922375,0.7882653804284206,0.21173461957157927,1548.4189576727695,1404.16108882305,168.29593187260718,129.39850688352422,0.7409269094083392,0.259073090591661,-11.69495966975754,98.23876477355192,loser
2019,0,1368.27046254882,1508.4655820418802,0.3934440976068581,0.6065559023931419,1396.0388697893698,1495.3135271837,99.3453098833536,126.7915174412172,0.388116654836846,0.6118833451631539,203.84272921934,6.5033934166829095,winner
2019,0,1744.31958402685,1523.48371377048,0.8382688569200891,0.16173114307991088,1709.58944280999,1584.15156966179,24.03126,23.954305152110386,0.7116573118471129,0.2883426881528869,50.34507272980812,-27.95405748537893,winner
2019,0,1536.02352247293,1309.88575963761,0.8423640046012155,0.15763599539878448,1514.81414700543,1308.29891972819,229.13703776067055,120.46196794434395,0.823480622635157,0.176519377364843,343.3649033137852,5.20786402784868,winner
2019,0,1560.9324757224201,1420.3939926172104,0.7655181283606773,0.23448187163932266,1560.5708157263098,1394.4487704388098,170.5606699978104,153.29925412858287,0.7790122372219591,0.22098776277804105,272.4137371745473,202.31645753063447,winner
2019,0,1487.04201364847,1407.4322403528101,0.6968707704833724,0.3031292295166276,1500.9865655874405,1408.74714815638,115.23118042452684,179.91300893517203,0.685371537515018,0.314628462484982,94.03323768491992,273.50984382876993,winner
2019,0,1584.2153879446,1542.8631129536,0.6484454307871061,0.35155456921289385,1573.75082891927,1529.84126322916,56.73257171801999,179.8224096782345,0.41425944651501095,0.585740553484989,92.54658771349001,201.0258826155779,loser
2019,0,1351.25483002815,1551.32749712891,0.3148501473611359,0.6851498526388642,1353.5014081980498,1550.7334871494504,154.6945359873124,198.30163388783845,0.3017118297713,0.6982881702286999,124.73396362402173,178.87750339423866,loser
2019,0,1570.66227551775,1609.7092517722901,0.5372800894069923,0.4627199105930077,1546.00055855594,1624.5309722306604,166.48166018835514,149.17574732923134,0.449329270805545,0.5506707291944549,252.63629426228454,181.435946795724,loser
2019,0,1542.09159482626,1524.7872413597595,0.6162785001753872,0.3837214998246128,1548.8227761273401,1514.81657362242,189.1372970491557,150.2968427183708,0.6536037668926371,0.34639623310736306,239.8131175504993,164.2108795004241,winner
2019,0,1649.7868334529,1584.98690607194,0.6785657669658507,0.3214342330341493,1655.2701111662,1554.7693160210904,160.1645044909163,181.94275697196892,0.687783244722099,0.312216755277901,59.83554934344042,63.60811233853593,loser
2019,0,1692.2542231885598,1596.8441048009802,0.7157333282561831,0.2842666717438169,1685.0702170689199,1585.34232612703,268.64030516763427,182.0896228687602,0.7706833351481329,0.229316664851867,168.78346488679998,127.35604932476713,loser
2019,0,1568.47535527305,1551.1788997090198,0.616267748827622,0.38373225117237797,1567.0908017989902,1530.1532588406901,196.3592208384784,175.09712359574814,0.692983025157913,0.307016974842087,-57.01955952843711,285.1135564584457,loser
2019,0,1629.19262758102,1626.88991030393,0.5956628076959655,0.4043371923040345,1640.37827194591,1618.5106943069595,152.40176727588053,176.61626551436072,0.6743694960261479,0.325630503973852,41.51058265808487,-5.549229435204508,winner
2019,0,1752.7485915294,1614.97708237574,0.7626469716430816,0.2373530283569184,1725.43891369606,1585.27589248301,303.4066509052587,170.10929250862569,0.869166721936433,0.13083327806356698,237.98006289189328,195.1699364045148,loser
2019,0,1694.5720969791696,1552.3469500457004,0.7672564391213346,0.23274356087866546,1694.56899306538,1557.96840478083,245.73542592275916,194.20487909929,0.826137664970614,0.17386233502938594,438.4466265410286,334.9128411374493,winner
2019,0,1631.85839935054,1579.31289442705,0.662989779883698,0.337010220116302,1636.84793702249,1562.69815076308,170.35612835853843,186.09876688201786,0.740069339042691,0.259930660957309,186.0377094636096,257.00258450775743,winner
2019,0,1707.52397717462,1662.57936214379,0.6531449428081411,0.3468550571918589,1703.99549441978,1643.18549285237,265.00654598458584,172.61535689821466,0.693796151692352,0.306203848307648,401.93735076292376,198.0134900962027,winner
2019,0,1651.8724977481,1643.3226899462695,0.604293379331941,0.39570662066805895,1658.178852544,1645.4517470351902,141.31264881410092,171.92428646904548,0.638693960317247,0.361306039682753,54.3687462979947,220.08452305218051,winner
